Workbook

Sheet Home Page
B1: Nepal Rastra Bank
B2: Additional Reporting Format
B3: Monthly/Quarterly/Yearly Reports
B4: Name of the Institution | C4: Jyoti Bikash Bank Ltd.
B5: Month | C5: Ashwin
B6: Year | C6: 2082
B8: Prepared by
B9: Name:
B10: Position:
B11: Email:
B12: Mobile No.:
B14: Submitted by
B15: Name:
B16: Position:
B17: Date:
B18: Email:
B19: Mobile No.:

Sheet Glossary
A1: S.N. | B1: Particulars | C1: Sheet No. | D1: Definition
A2: 1 | B2: Card Acquiring | C2: 1. International Transaction | D2: Refers to transactions from international cards (debit, credit, prepaid) issued by foreign banks, acquired at Merchant terminals onboarded by licensed institutions in Nepal.
A3: 2 | B3: Card Issuing | C3: 1. International Transaction | D3: Refers to transactions from cards (debit, credit, prepaid) issued by Nepalese BFIs, acquired at Merchant terminals outside Nepal.
A4: 3 | B4: QR Acquiring | C4: 1. International Transaction | D4: Refers to transactions, originated from instruments issued by BFIs in other countries, acquired by Nepalese QR merchants in Nepal.
A5: 4 | B5: QR Issuing | C5: 1. International Transaction | D5: Refers to transactions, originated from instruments issued by licensed insitutions in Nepal, acquired by QR merchants in other countries.
A6: 5 | B6: Inward P2P Transfers | C6: 1. International Transaction | D6: Refers to peer to peer transfer payments received from other countries
A7: 6 | B7: Outward P2P Transfers | C7: 1. International Transaction | D7: Refers to peer to peer transfer payments made from Nepal to other countries
A8: 7 | B8: Cardless Withdrawals Via ATM | C8: 2. Domestic Transaction | D8: Refers to ATM withdrawals processed using mobile banking application, without using physical cards in the ATM terminal
A9: 8 | B9: NFC Transactions in Merchant Terminals | C9: 2. Domestic Transaction | D9: Refers to card-based transactions at merchant terminals using NFC or tap feature (without entering PIN)
A10: 9 | B10: POS-enabled Merchants | C10: 2. Domestic Transaction | D10: Refers to merchants onboarded by BFIs, accepting digital payments via Point-of-Sale (POS) machines
A11: 10 | B11: QR-Enabled Merchants | C11: 2. Domestic Transaction | D11: Refers to merchants onboarded by licensed institutions, accepting digital payments via QR Codes
A12: 11 | B12: E-Commerce Enabled Merchants | C12: 2. Domestic Transaction | D12: Refers to merchants onboarded by licensed institutions, operating e-commerce platforms/sites and accepting digital payments (checkout) through gateway integrations
A13: 12 | B13: Merchants Onboarded by Licensed Institutions-Gender Wise As of Month End | C13: 6. Genderwise_merchant | D13: Refers to data of merchants onboarded by licensed institutions, categorized based on the gender of the propreitor or the company (if the merchant is a company)
... A17: 16 | B17: ACH | C17: 11. Users | D17: Refers to automated clearing house (ACH) systems, offering bulk debit or credit transfer facilities, extended to customers by banks and financial institutions.

Sheet 1.International Transactions
A1: ="International Transactions for the month" &" "&'Home Page'!$C$5 -> International Transactions for the month Ashwin
A2: Particulars | B2: Txn Count(Number) | C2: Txn Amount(NPR)
A3: 1. Card Acquiring
A4: A. Of which:
A5: A.1 Debit Card
A6: A.2 Credit Card
A7: A.3 Prepaid Card
A8: B. Of which:
A9: B.1 POS
A10: B.2 Online (ecommerce)
A11: B.3 ATM Terminals
A13: 2. Card Issuing
A14: A. Of which:
A15: A.1 Debit Card | B15: 847 | C15: 10091269
A16: A.2 Credit Card | B16: 12 | C16: 15372.54
A17: A.3 Prepaid Card | B17: 428 | C17: 7263.22
A18: B. Of which:
A19: B.1 POS | B19: 313 | C19: 3290072.5
A20: B.2 Online (ecommerce) | B20: 19 | C20: 49142.41
A21: B.3 ATM Terminals | B21: 527 | C21: 6767426.8
A23: 3. QR Acquiring | B23: 1028 | C23: 2526746.1
A25: 4. QR Issuing
A27: 5. Inward P2P Transfers
A29: 6. Outward P2P Transfers

Sheet 2.Domestic Transactions
A1: ="Domestic Transactions for the month"&" "&'Home Page'!$C$5 -> Domestic Transactions for the month Ashwin
A2: Particulars | B2: Txn Count(Number) | C2: Txn Amount(NPR)
A3: 1. Card Transactions
A4: 1.1 Cardless Withdrawals Via ATM | B4: 751 | C4: 7704500
A5: 1.2 NFC Transactions in Merchant Terminals | B5: 730 | C5: 1064069.3
A7: 2. Total Merchants
A8: 2.1 POS-enabled Merchants
A9: 2.2 QR-Enabled Merchants | B9: 331258 | C9: 6.7099285e+08
A10: 2.3 E-Commerce Enabled Merchants

Sheet 3.No of Merchants_Province
A1: Merchants Accepting Digital Payments (Onboarded by Licensed Insititutions) As of Month end -Province Level wise
A2: POS-enabled Merchants (Province-wise): | B2: No. of Merchants | D2: QR-enabled Merchants (Province-wise): | E2: No. of Merchants | G2: Online-enabled Merchants (Province-wise): | H2: No. of Merchants
A3: Koshi | D3: Koshi | E3: 3392 | G3: Koshi
A4: Madhesh | D4: Madhesh | E4: 2736 | G4: Madhesh
A5: Bagmati | D5: Bagmati | E5: 12014 | G5: Bagmati
A6: Gandaki | D6: Gandaki | E6: 2450 | G6: Gandaki
A7: Lumbini | D7: Lumbini | E7: 7271 | G7: Lumbini
A8: Karnali | D8: Karnali | E8: 1079 | G8: Karnali
A9: Sudurpaschim | D9: Sudurpaschim | E9: 1175 | G9: Sudurpaschim
A10: Total | B10: =SUM(B3:B9) -> 0 | D10: Total | E10: =SUM(E3:E9) -> 30117 | G10: Total | H10: =SUM(H3:H9) -> 0

Sheet 4.No of Merchants_Local
A1: Merchants Accepting Digital Payments (Onboarded by Licensed Insititutions) As of Month end -Local Level wise
A2: POS-enabled Merchants (Local Level-wise): | B2: No. of Merchants | D2: QR-enabled Merchants (Local Level-wise): | E2: No. of Merchants | G2: Online-enabled Merchants (Local Level-wise): | H2: No. of Merchants
A3: Metropolitan Cities | D3: Metropolitan Cities | E3: 5539 | G3: Metropolitan Cities
A4: Sub-Metropolitan Cities | D4: Sub-Metropolitan Cities | E4: 3868 | G4: Sub-Metropolitan Cities
A5: Municipalities | D5: Municipalities | E5: 15410 | G5: Municipalities
A6: Rural Municipalities | D6: Rural Municipalities | E6: 5300 | G6: Rural Municipalities
A7: Total | B7: =SUM(B3:B6) -> 0 | D7: Total | E7: =SUM(E3:E6) -> 30117 | G7: Total | H7: =SUM(H3:H6) -> 0

Sheet 5.No of Merchants_District
A1: Merchants Accepting Digital Payments (Onboarded by Licensed Insititutions) As of Month end -District Wise
A2: POS-enabled Merchants (District-wise): | B2: No. of Merchants | D2: QR-enabled Merchants (District-wise): | E2: No. of Merchants | G2: Online-enabled Merchants (District-wise): | H2: No. of Merchants
A3: Bhojpur District | D3: Bhojpur District | E3: 0 | G3: Bhojpur District
A4: Dhankuta District | D4: Dhankuta District | E4: 5 | G4: Dhankuta District
A5: Ilam District | D5: Ilam District | E5: 203 | G5: Ilam District
A6: Jhapa District | D6: Jhapa District | E6: 616 | G6: Jhapa District
A7: Khotang District | D7: Khotang District | E7: 145 | G7: Khotang District
A8: Morang District | D8: Morang District | E8: 770 | G8: Morang District
A9: Okhaldhunga District | D9: Okhaldhunga District | E9: 2 | G9: Okhaldhunga District
A10: Panchthar District | D10: Panchthar District | E10: 1 | G10: Panchthar District
A11: Sankhuwasabha District | D11: Sankhuwasabha District | E11: 1 | G11: Sankhuwasabha District
A12: Solukhumbu District | D12: Solukhumbu District | E12: 5 | G12: Solukhumbu District
A13: Sunsari District | D13: Sunsari District | E13: 770 | G13: Sunsari District
A14: Taplejung District | D14: Taplejung District | E14: 0 | G14: Taplejung District
... A79: Darchula District | D79: Darchula District | E79: 0 | G79: Darchula District
A80: Total | B80: =SUM(B3:B79) -> 0 | D80: Total | E80: =SUM(E3:E79) -> 30117 | G80: Total | H80: =SUM(H3:H79) -> 0

Sheet 6.Genderwise_Merchant
A1: Merchants Onboarded by Licensed Institutions-Gender Wise As of Month End
A2: Gender of Proprietor(POS,QR-Enabled,Online Enabled) | B2: No. of Merchants
A3: Male | B3: 6235
A4: Female | B4: 8838
A5: Others (Gender other than Male and Female)
A6: Company | B6: 15044
A7: Total | B7: =SUM(B3:B6) -> 30117

Sheet 7. Merchant Txns_Province
A1: ="Province wise Merchant Transactions for the Month"&" "&'Home Page'!$C$5 -> Province wise Merchant Transactions for the Month Ashwin
A2: POS-enabled Merchants (Province-wise): | B2: Txn Count(Number) | C2: Txn Amount(NPR) | E2: QR-enabled Merchants (Province-wise): | F2: Txn Count(Number) | G2: Txn Amount(NPR) | I2: Online-enabled Merchants (Province-wise): | J2: Txn Count(Number) | K2: Txn Amount(NPR)
A3: Koshi | E3: Koshi | F3: 21673 | G3: 38341826 | I3: Koshi
A4: Madhesh | E4: Madhesh | F4: 16107 | G4: 26596872 | I4: Madhesh
A5: Bagmati | E5: Bagmati | F5: 217290 | G5: 4.4376706e+08 | I5: Bagmati
A6: Gandaki | E6: Gandaki | F6: 16586 | G6: 38600296 | I6: Gandaki
A7: Lumbini | E7: Lumbini | F7: 36310 | G7: 94974648 | I7: Lumbini
A8: Karnali | E8: Karnali | F8: 5924 | G8: 10543146 | I8: Karnali
A9: Sudurpaschim | E9: Sudurpaschim | F9: 17368 | G9: 18169001 | I9: Sudurpaschim
A10: Total | B10: =SUM(B3:B9) -> 0 | C10: =SUM(C3:C9) -> 0 | E10: Total | F10: =SUM(F3:F9) -> 331258 | G10: =SUM(G3:G9) -> 6.7099285e+08 | I10: Total | J10: =SUM(J3:J9) -> 0 | K10: =SUM(K3:K9) -> 0

Sheet 8.Merchant Txns_District
A1: ="District wise Transactions of Merchants for the Month"&" "&'Home Page'!$C$5 -> District wise Transactions of Merchants for the Month Ashwin
A2: POS-enabled Merchants (District-wise): | B2: Txn Count(Number) | C2: Txn Amount(NPR) | E2: QR-enabled Merchants (District-wise): | F2: Txn Count(Number) | G2: Txn Amount(NPR) | I2: Online-enabled Merchants (District-wise): | J2: Txn Count(Number) | K2: Txn Amount(NPR)
A3: Bhojpur District | E3: Bhojpur District | F3: 0 | G3: 0 | I3: Bhojpur District
A4: Dhankuta District | E4: Dhankuta District | F4: 0 | G4: 0 | I4: Dhankuta District
A5: Ilam District | E5: Ilam District | F5: 762 | G5: 1549734.1 | I5: Ilam District
A6: Jhapa District | E6: Jhapa District | F6: 2972 | G6: 7888321.4 | I6: Jhapa District
A7: Khotang District | E7: Khotang District | F7: 417 | G7: 1264300 | I7: Khotang District
A8: Morang District | E8: Morang District | F8: 4293 | G8: 7855605.2 | I8: Morang District
A9: Okhaldhunga District | E9: Okhaldhunga District | F9: 0 | G9: 0 | I9: Okhaldhunga District
A10: Panchthar District | E10: Panchthar District | F10: 0 | G10: 0 | I10: Panchthar District
A11: Sankhuwasabha District | E11: Sankhuwasabha District | F11: 0 | G11: 0 | I11: Sankhuwasabha District
A12: Solukhumbu District | E12: Solukhumbu District | F12: 66 | G12: 29230 | I12: Solukhumbu District
A13: Sunsari District | E13: Sunsari District | F13: 11285 | G13: 16365264 | I13: Sunsari District
A14: Taplejung District | E14: Taplejung District | F14: 0 | G14: 0 | I14: Taplejung District
... A76: Kanchanpur District | E76: Kanchanpur District | F76: 10137 | G76: 11200595 | I76: Kanchanpur District
A77: Dadeldhura District | E77: Dadeldhura District | I77: Dadeldhura District
A78: Baitadi District | E78: Baitadi District | I78: Baitadi District
A79: Darchula District | E79: Darchula District | I79: Darchula District
A80: Total | B80: =SUM(B3:B79) -> 0 | C80: =SUM(C3:C79) -> 0 | E80: Total | F80: =SUM(F3:F79) -> 331258 | G80: =SUM(G3:G79) -> 6.7099285e+08 | I80: Total | J80: =SUM(J3:J79) -> 0 | K80: =SUM(K3:K79) -> 0

Sheet 9.Merchant Txns_Local
A1: ="Local Level Wise Merchant Transactions for the Month"&" "&'Home Page'!$C$5 -> Local Level Wise Merchant Transactions for the Month Ashwin
A2: POS-enabled Merchants (Local Level-wise): | B2: Txn Count(Number) | C2: Txn Amount(NPR) | E2: QR-enabled Merchants (Local Level-wise): | F2: Txn Count(Number) | G2: Txn Amount(NPR) | I2: Online-enabled Merchants (Local Level-wise): | J2: Txn Count(Number) | K2: Txn Amount(NPR)
A3: Metropolitan Cities | E3: Metropolitan Cities | F3: 30282 | G3: 63156198 | I3: Metropolitan Cities
A4: Sub-Metropolitan Cities | E4: Sub-Metropolitan Cities | F4: 115251 | G4: 2.7756098e+08 | I4: Sub-Metropolitan Cities
A5: Municipalities | E5: Municipalities | F5: 158522 | G5: 2.7122508e+08 | I5: Municipalities
A6: Rural Municipalities | E6: Rural Municipalities | F6: 27203 | G6: 59050584 | I6: Rural Municipalities
A7: Total | B7: =SUM(B3:B6) -> 0 | C7: =SUM(C3:C6) -> 0 | E7: Total | F7: =SUM(F3:F6) -> 331258 | G7: =SUM(G3:G6) -> 6.7099285e+08 | I7: Total | J7: =SUM(J3:J6) -> 0 | K7: =SUM(K3:K6) -> 0

Sheet 10. Genderwise_Txn
A1: ="Transactions of Merchants Onboarded by Licensed Institutions-Gender Wise for the Month"&" "&'Home Page'!$C$5 -> Transactions of Merchants Onboarded by Licensed Institutions-Gender Wise for the Month Ashwin
A2: Gender of Proprietor(POS,QR-Enabled,Online Enabled) | B2: Txn Count(Number) | C2: Txn Amount(NPR)
A3: Male | B3: 75073 | C3: 78628523
A4: Female | B4: 132008 | C4: 1.7615051e+08
A5: Others (Gender other than Male and Female)
A6: Company | B6: 124177 | C6: 4.1621382e+08
A7: Total | B7: =SUM(B3:B6) -> 331258 | C7: =SUM(C3:C6) -> 6.7099285e+08

Sheet 11.Users
A1: Digital Channel/Instrument/ Systems Users as of Month End
A2: (Cumulative Number of Users as of Month End)
A3: Nationality | B3: Mobile Banking | C3: Internet banking | D3: eWallets | E3: Debit Cards | F3: Credit Cards | G3: Prepaid Cards | H3: Faster Payment Systems | I3: ACH
A4: 1. Nepalese | B4: 383318 | H4: 16614
A5: 2. Non-Nepalese
A6: 2.1 Indian | B6: 1829 | H6: 66
A7: 2.2. Chinese | B7: 0 | H7: 0
A8: 2.3 Australian | B8: 0 | H8: 0
A9: 2.4 Srilanka | B9: 0 | H9: 0
A10: 2.5 USA | B10: 0 | H10: 0
A11: 2.6 Others | B11: 9664 | H11: 10
A12: Total | B12: =SUM(B4:B11) -> 394811 | C12: =SUM(C4:C11) -> 0 | D12: =SUM(D4:D11) -> 0 | E12: =SUM(E4:E11) -> 0 | F12: =SUM(F4:F11) -> 0 | G12: =SUM(G4:G11) -> 0 | H12: =SUM(H4:H11) -> 16690 | I12: =SUM(I4:I11) -> 0
A14: Gender | B14: Mobile Banking | C14: Internet Banking | D14: eWallets | E14: Debit Card | F14: Credit Card | G14: Prepaid Card | H14: Faster Payment Systems | I14: ACH
A15: Male | B15: 220732 | H15: 11032
A16: Female | B16: 160114 | H16: 4641
A17: Other | B17: 13965 | H17: 1017
A18: Company
A19: Total | B19: =SUM(B15:B18) -> 394811 | C19: =SUM(C15:C18) -> 0 | D19: =SUM(D15:D18) -> 0 | E19: =SUM(E15:E18) -> 0 | F19: =SUM(F15:F18) -> 0 | G19: =SUM(G15:G18) -> 0 | H19: =SUM(H15:H18) -> 16690 | I19: =SUM(I15:I18) -> 0
A21: Age Group | B21: Mobile Banking | C21: Internet Banking | D21: eWallets | E21: Debit Card | F21: Credit Card | G21: Prepaid Card | H21: Faster Payment Systems | I21: ACH
A22: Less than or equal to 18 years | B22: 14725 | H22: 1603
A23: 19-40 years | B23: 258392 | H23: 10989
A24: 41-65 years | B24: 110925 | H24: 3796
A25: 65+years | B25: 10769 | H25: 302
A26: Total | B26: =SUM(B22:B25) -> 394811 | C26: =SUM(C22:C25) -> 0 | D26: =SUM(D22:D25) -> 0 | E26: =SUM(E22:E25) -> 0 | F26: =SUM(F22:F25) -> 0 | G26: =SUM(G22:G25) -> 0 | H26: =SUM(H22:H25) -> 16690 | I26: =SUM(I22:I25) -> 0

Sheet 12.Digital Lending
A1: Digital Lending
A2: S.N. | B2: Product Name | C2: Total Number of Outstanding Borrowers as of Month End | D2: Total Number of New Loan Clients for the reporting Month | E2: Total Sanctioned Loan Amount(NPR) in reporting month | F2: Total Sanctioned Loan Amount (NPR) till Month End | G2: Outstanding amount (NPR ) till Month End | H2: Non Performing Loans(NPR)-Substandard | I2: Non Performing Loans(NPR)-Doubtful | J2: Non Performing Loans(NPR)-Loss | K2: NPL-Loss (Percentage)
A3: 1
A4: 2
A5: 3
A6: 4
A7: 5
A8: 6
A9: 7
A10: 8
A11: 9
A12: 10
A13: 11
A14: 12
... A17: 15

Sheet Fraud and Grievances 
